Workbook

Sheet IS Assignment
G1: Prod | J1: Staging
A2: Id | B2: uLab Acct Number (copy) | C2: RSM1 | D2: Billing State/Province | E2: Primary IS | F2: Secondary IS | G2: OwnerId | H2: Integration_Specialist__c | I2: Development_Specialist__c | J2: OwnerId | K2: Integration_Specialist__c | L2: Development_Specialist__c
A3: 001Rf00000h4AxnIAE | B3: 7512 | C3: James Van Hoose | D3: OH | E3: Joy Hayes | F3: Janna Nelson | G3: =VLOOKUP(C3,Users!$A$2:$B$16,2,FALSE) -> 0056g000006ifuzAAA | H3: =VLOOKUP(E3,Users!$A$2:$B$16,2,FALSE) -> 0056g0000041KQ2AAM | I3: =VLOOKUP(F3,Users!$A$2:$B$16,2,FALSE) -> 0056g000006ifupAAA | J3: =VLOOKUP(C3,Users!$D$2:$G$16,4,FALSE) -> 0056g000006ifuzAAA | K3: =VLOOKUP(E3,Users!$D$2:$G$16,4,FALSE) -> 0056g0000041KQ2AAM | L3: =VLOOKUP(F3,Users!$D$2:$G$16,4,FALSE) -> 0056g000006ifupAAA
A4: 001Rf00000haa2hIAA | B4: 7521 | C4: Glenda Denton | D4: CA | E4: Kathya Alferez | F4: Daniel Cantu | G4: =VLOOKUP(C4,Users!$A$2:$B$16,2,FALSE) -> 0056g000005ilrPAAQ | H4: =VLOOKUP(E4,Users!$A$2:$B$16,2,FALSE) -> 0056g000006ifuxAAA | I4: =VLOOKUP(F4,Users!$A$2:$B$16,2,FALSE) -> 0056g000006BNOSAA4 | J4: =VLOOKUP(C4,Users!$D$2:$G$16,4,FALSE) -> 0056g000005ilrPAAQ | K4: =VLOOKUP(E4,Users!$D$2:$G$16,4,FALSE) -> 0056g000006ifuxAAA | L4: =VLOOKUP(F4,Users!$D$2:$G$16,4,FALSE) -> 0056g000006BNOSAA4
A5: 001Rf00000haMyvIAE | B5: 7522 | C5: Glenda Denton | D5: CA | E5: Kathya Alferez | F5: Daniel Cantu | G5: =VLOOKUP(C5,Users!$A$2:$B$16,2,FALSE) -> 0056g000005ilrPAAQ | H5: =VLOOKUP(E5,Users!$A$2:$B$16,2,FALSE) -> 0056g000006ifuxAAA | I5: =VLOOKUP(F5,Users!$A$2:$B$16,2,FALSE) -> 0056g000006BNOSAA4 | J5: =VLOOKUP(C5,Users!$D$2:$G$16,4,FALSE) -> 0056g000005ilrPAAQ | K5: =VLOOKUP(E5,Users!$D$2:$G$16,4,FALSE) -> 0056g000006ifuxAAA | L5: =VLOOKUP(F5,Users!$D$2:$G$16,4,FALSE) -> 0056g000006BNOSAA4
A6: 001Rf00000hfTN3IAM | B6: 7524 | C6: Jeff Nolte | D6: KS | E6: Daniel Cantu | F6: Kathya Alferez | G6: =VLOOKUP(C6,Users!$A$2:$B$16,2,FALSE) -> 0056g000005iizaAAA | H6: =VLOOKUP(E6,Users!$A$2:$B$16,2,FALSE) -> 0056g000006BNOSAA4 | I6: =VLOOKUP(F6,Users!$A$2:$B$16,2,FALSE) -> 0056g000006ifuxAAA | J6: =VLOOKUP(C6,Users!$D$2:$G$16,4,FALSE) -> 0056g000005iizaAAA | K6: =VLOOKUP(E6,Users!$D$2:$G$16,4,FALSE) -> 0056g000006BNOSAA4 | L6: =VLOOKUP(F6,Users!$D$2:$G$16,4,FALSE) -> 0056g000006ifuxAAA
A7: 001Rf00000hGNPpIAO | B7: 7519 | C7: Glenda Denton | D7: CA | E7: Kathya Alferez | F7: Daniel Cantu | G7: =VLOOKUP(C7,Users!$A$2:$B$16,2,FALSE) -> 0056g000005ilrPAAQ | H7: =VLOOKUP(E7,Users!$A$2:$B$16,2,FALSE) -> 0056g000006ifuxAAA | I7: =VLOOKUP(F7,Users!$A$2:$B$16,2,FALSE) -> 0056g000006BNOSAA4 | J7: =VLOOKUP(C7,Users!$D$2:$G$16,4,FALSE) -> 0056g000005ilrPAAQ | K7: =VLOOKUP(E7,Users!$D$2:$G$16,4,FALSE) -> 0056g000006ifuxAAA | L7: =VLOOKUP(F7,Users!$D$2:$G$16,4,FALSE) -> 0056g000006BNOSAA4
A8: 001Rf00000hGYbGIAW | B8: 7513 | C8: Tommy MacDonald | D8: MA | E8: Janna Nelson | F8: Joy Hayes | G8: =VLOOKUP(C8,Users!$A$2:$B$16,2,FALSE) -> 0056g000006j60DAAQ | H8: =VLOOKUP(E8,Users!$A$2:$B$16,2,FALSE) -> 0056g000006ifupAAA | I8: =VLOOKUP(F8,Users!$A$2:$B$16,2,FALSE) -> 0056g0000041KQ2AAM | J8: =VLOOKUP(C8,Users!$D$2:$G$16,4,FALSE) -> 0056g000005fe6cAAA | K8: =VLOOKUP(E8,Users!$D$2:$G$16,4,FALSE) -> 0056g000006ifupAAA | L8: =VLOOKUP(F8,Users!$D$2:$G$16,4,FALSE) -> 0056g0000041KQ2AAM
A9: 001Rf00000hJtD0IAK | B9: 7526 | C9: Sean Bickford | D9: NJ | E9: Janna Nelson | F9: Joy Hayes | G9: =VLOOKUP(C9,Users!$A$2:$B$16,2,FALSE) -> 0056g000005fhpsAAA | H9: =VLOOKUP(E9,Users!$A$2:$B$16,2,FALSE) -> 0056g000006ifupAAA | I9: =VLOOKUP(F9,Users!$A$2:$B$16,2,FALSE) -> 0056g0000041KQ2AAM | J9: =VLOOKUP(C9,Users!$D$2:$G$16,4,FALSE) -> 0056g000005fhpsAAA | K9: =VLOOKUP(E9,Users!$D$2:$G$16,4,FALSE) -> 0056g000006ifupAAA | L9: =VLOOKUP(F9,Users!$D$2:$G$16,4,FALSE) -> 0056g0000041KQ2AAM
A10: 001Rf00000hkYUDIA2 | B10: 7523 | C10: Evan Grzelak | D10: MO | E10: Joy Hayes | F10: Janna Nelson | G10: =VLOOKUP(C10,Users!$A$2:$B$16,2,FALSE) -> 0056g000006ifujAAA | H10: =VLOOKUP(E10,Users!$A$2:$B$16,2,FALSE) -> 0056g0000041KQ2AAM | I10: =VLOOKUP(F10,Users!$A$2:$B$16,2,FALSE) -> 0056g000006ifupAAA | J10: =VLOOKUP(C10,Users!$D$2:$G$16,4,FALSE) -> 0056g000006ifujAAA | K10: =VLOOKUP(E10,Users!$D$2:$G$16,4,FALSE) -> 0056g0000041KQ2AAM | L10: =VLOOKUP(F10,Users!$D$2:$G$16,4,FALSE) -> 0056g000006ifupAAA
A11: 001Rf00000hL6BVIA0 | B11: 7529 | C11: Sean Bickford | D11: NJ | E11: Janna Nelson | F11: Joy Hayes | G11: =VLOOKUP(C11,Users!$A$2:$B$16,2,FALSE) -> 0056g000005fhpsAAA | H11: =VLOOKUP(E11,Users!$A$2:$B$16,2,FALSE) -> 0056g000006ifupAAA | I11: =VLOOKUP(F11,Users!$A$2:$B$16,2,FALSE) -> 0056g0000041KQ2AAM | J11: =VLOOKUP(C11,Users!$D$2:$G$16,4,FALSE) -> 0056g000005fhpsAAA | K11: =VLOOKUP(E11,Users!$D$2:$G$16,4,FALSE) -> 0056g000006ifupAAA | L11: =VLOOKUP(F11,Users!$D$2:$G$16,4,FALSE) -> 0056g0000041KQ2AAM
A12: 001Rf00000hl6HJIAY | B12: 7525 | C12: Jeff Nolte | D12: TX | E12: Daniel Cantu | F12: Kathya Alferez | G12: =VLOOKUP(C12,Users!$A$2:$B$16,2,FALSE) -> 0056g000005iizaAAA | H12: =VLOOKUP(E12,Users!$A$2:$B$16,2,FALSE) -> 0056g000006BNOSAA4 | I12: =VLOOKUP(F12,Users!$A$2:$B$16,2,FALSE) -> 0056g000006ifuxAAA | J12: =VLOOKUP(C12,Users!$D$2:$G$16,4,FALSE) -> 0056g000005iizaAAA | K12: =VLOOKUP(E12,Users!$D$2:$G$16,4,FALSE) -> 0056g000006BNOSAA4 | L12: =VLOOKUP(F12,Users!$D$2:$G$16,4,FALSE) -> 0056g000006ifuxAAA
A13: 001Rf00000hMdy9IAC | B13: 7518 | C13: Glenda Denton | D13: CA | E13: Kathya Alferez | F13: Daniel Cantu | G13: =VLOOKUP(C13,Users!$A$2:$B$16,2,FALSE) -> 0056g000005ilrPAAQ | H13: =VLOOKUP(E13,Users!$A$2:$B$16,2,FALSE) -> 0056g000006ifuxAAA | I13: =VLOOKUP(F13,Users!$A$2:$B$16,2,FALSE) -> 0056g000006BNOSAA4 | J13: =VLOOKUP(C13,Users!$D$2:$G$16,4,FALSE) -> 0056g000005ilrPAAQ | K13: =VLOOKUP(E13,Users!$D$2:$G$16,4,FALSE) -> 0056g000006ifuxAAA | L13: =VLOOKUP(F13,Users!$D$2:$G$16,4,FALSE) -> 0056g000006BNOSAA4
A14: 001Rf00000huLKMIA2 | B14: 7527 | C14: Glenda Denton | D14: CA | E14: Kathya Alferez | F14: Daniel Cantu | G14: =VLOOKUP(C14,Users!$A$2:$B$16,2,FALSE) -> 0056g000005ilrPAAQ | H14: =VLOOKUP(E14,Users!$A$2:$B$16,2,FALSE) -> 0056g000006ifuxAAA | I14: =VLOOKUP(F14,Users!$A$2:$B$16,2,FALSE) -> 0056g000006BNOSAA4 | J14: =VLOOKUP(C14,Users!$D$2:$G$16,4,FALSE) -> 0056g000005ilrPAAQ | K14: =VLOOKUP(E14,Users!$D$2:$G$16,4,FALSE) -> 0056g000006ifuxAAA | L14: =VLOOKUP(F14,Users!$D$2:$G$16,4,FALSE) -> 0056g000006BNOSAA4
... A3089: 0016g000023293hAAA | B3089: 2319 | C3089: Glenda Denton | D3089: CA | E3089: Kathya Alferez | F3089: Daniel Cantu | G3089: =VLOOKUP(C3089,Users!$A$2:$B$16,2,FALSE) -> 0056g000005ilrPAAQ | H3089: =VLOOKUP(E3089,Users!$A$2:$B$16,2,FALSE) -> 0056g000006ifuxAAA | I3089: =VLOOKUP(F3089,Users!$A$2:$B$16,2,FALSE) -> 0056g000006BNOSAA4 | J3089: =VLOOKUP(C3089,Users!$D$2:$G$16,4,FALSE) -> 0056g000005ilrPAAQ | K3089: =VLOOKUP(E3089,Users!$D$2:$G$16,4,FALSE) -> 0056g000006ifuxAAA | L3089: =VLOOKUP(F3089,Users!$D$2:$G$16,4,FALSE) -> 0056g000006BNOSAA4

Sheet RSM Update
A1: accountid | B1: uLab Acct Number (copy) | C1: RSM1 | D1: userid
A2: 001Rf00000iHB7NIAW | B2: 7532 | C2: Max Ward | D2: 005Rh000006P7R5IAK
A3: 001Rh00000Aj8gQIAR | B3: 5892 | C3: Max Ward | D3: 005Rh000006P7R5IAK
A4: 001Rh00000el05cIAA | B4: 7234 | C4: Max Ward | D4: 005Rh000006P7R5IAK
A5: 001Rh00000qrm5bIAA | B5: 7344 | C5: Max Ward | D5: 005Rh000006P7R5IAK
A6: 001Rh00000umVvlIAE | B6: 7375 | C6: Max Ward | D6: 005Rh000006P7R5IAK
A7: 001Rh00000VyAFfIAN | B7: 6382 | C7: Max Ward | D7: 005Rh000006P7R5IAK
A8: 001Rh000005fF55IAE | B8: 5908 | C8: Max Ward | D8: 005Rh000006P7R5IAK
A9: 001Rh000005xqB7IAI | B9: 5744 | C9: Max Ward | D9: 005Rh000006P7R5IAK
A10: 001Rh0000072ROKIA2 | B10: 6225 | C10: Max Ward | D10: 005Rh000006P7R5IAK
A11: 0016g00000fhILRAA2 | B11: 1079 | C11: Max Ward | D11: 005Rh000006P7R5IAK
A12: 0016g00000gxqv6AAA | B12: 1089 | C12: Max Ward | D12: 005Rh000006P7R5IAK
A13: 0016g00000JanlFAAR | B13: 392 | C13: Max Ward | D13: 005Rh000006P7R5IAK
... A36: 0016g0000231SCoAAM | B36: 2126 | C36: Max Ward | D36: 005Rh000006P7R5IAK

Sheet Users
A1: Name | B1: Prod UserId | D1: Name | E1: Staging UserId | F1: IsActive | G1: inactive then use this id
A2: Annie Thompson | B2: 0056g000005floWAAQ | D2: Annie Thompson | E2: 00552000009pEjFAAU | F2: FALSE | G2: =IF(F2,E2,$E$17) -> 0056g000005fe6cAAA
A3: Daniel Cantu | B3: 0056g000006BNOSAA4 | D3: Daniel Cantu | E3: 0056g000006BNOSAA4 | F3: TRUE | G3: =IF(F3,E3,$E$17) -> 0056g000006BNOSAA4
A4: David Ward | B4: 0056g000006ifuiAAA | D4: David Ward | E4: 0056g000006ifuiAAA | F4: FALSE | G4: =IF(F4,E4,$E$17) -> 0056g000005fe6cAAA
A5: Evan Grzelak | B5: 0056g000006ifujAAA | D5: Evan Grzelak | E5: 0056g000006ifujAAA | F5: TRUE | G5: =IF(F5,E5,$E$17) -> 0056g000006ifujAAA
A6: Glenda Denton | B6: 0056g000005ilrPAAQ | D6: Glenda Denton | E6: 0056g000005ilrPAAQ | F6: TRUE | G6: =IF(F6,E6,$E$17) -> 0056g000005ilrPAAQ
A7: James Van Hoose | B7: 0056g000006ifuzAAA | D7: James Van Hoose | E7: 0056g000006ifuzAAA | F7: TRUE | G7: =IF(F7,E7,$E$17) -> 0056g000006ifuzAAA
A8: Janna Nelson | B8: 0056g000006ifupAAA | D8: Janna Nelson | E8: 0056g000006ifupAAA | F8: TRUE | G8: =IF(F8,E8,$E$17) -> 0056g000006ifupAAA
A9: Jeff Nolte | B9: 0056g000005iizaAAA | D9: Jeff Nolte | E9: 0056g000005iizaAAA | F9: TRUE | G9: =IF(F9,E9,$E$17) -> 0056g000005iizaAAA
A10: Joy Hayes | B10: 0056g0000041KQ2AAM | D10: Joy Hayes | E10: 0056g0000041KQ2AAM | F10: TRUE | G10: =IF(F10,E10,$E$17) -> 0056g0000041KQ2AAM
A11: Kathya Alferez | B11: 0056g000006ifuxAAA | D11: Kathya Alferez | E11: 0056g000006ifuxAAA | F11: TRUE | G11: =IF(F11,E11,$E$17) -> 0056g000006ifuxAAA
A12: Max Ward | B12: 005Rh000006P7R5IAK | D12: Michelle Bourgeois-Hager | E12: 0056g000005eu3KAAQ | F12: TRUE | G12: =IF(F12,E12,$E$17) -> 0056g000005eu3KAAQ
A13: Michelle Bourgeois-Hager | B13: 0056g000005eu3KAAQ | D13: Max Ward | E13: no exist | F13: FALSE | G13: =IF(F13,E13,$E$17) -> 0056g000005fe6cAAA
... A16: Tommy MacDonald | B16: 0056g000006j60DAAQ | D16: Tommy MacDonald | E16: 0056g000006j60DAAQ | F16: FALSE | G16: =IF(F16,E16,$E$17) -> 0056g000005fe6cAAA
D17: Patrick McCarthy | E17: 0056g000005fe6cAAA | F17: TRUE | G17: =IF(F17,E17,$E$17) -> 0056g000005fe6cAAA
A19: Darren Rowland | B19: 0056g000005ioHkAAI | D19: Darren Rowland | E19: 0056g000005ioHkAAI | F19: TRUE | G19: =IF(F19,E19,$E$17) -> 0056g000005ioHkAAI
A20: Jacqueline Doon | B20: 0056g000005fdzbAAA | D20: Jacqueline Doon | E20: 005520000065ePEAAY | F20: TRUE | G20: =IF(F20,E20,$E$17) -> 005520000065ePEAAY
A21: Rick Geracitano | B21: 0056g0000041KV8AAM | D21: Rick Geracitano | E21: 0056g0000041KV8AAM | F21: TRUE | G21: =IF(F21,E21,$E$17) -> 0056g0000041KV8AAM
A22: Tyler Nazar | B22: 0056g000006AzhJAAS | D22: Tyler Nazar | E22: 0056g000006AzhJAAS | F22: TRUE | G22: =IF(F22,E22,$E$17) -> 0056g000006AzhJAAS
C24: wildcard | D24: Joel Siegel | E24: 0056g0000041N1eAAE
